தொடங்கும் எழுத்து,பெயர்,பொருள்,ஆண்,பெண்
சி,சிட்டு,,ஆண்,
சி,சினனக்கீரன்,,ஆண்,
சி,சின்னக்கண்ணன்,,ஆண்,
சி,சின்னக்கிள்ளி,,ஆண்,
சி,சின்னக்கிழான்,,ஆண்,
சி,சின்னக்குட்டி,,ஆண்,
சி,சின்னத்தங்கம்,,ஆண்,
சி,சின்னத்தம்பி,,ஆண்,
சி,சின்னத்துரை,,ஆண்,
சி,சின்னன்,,ஆண்,
சி,சின்னமணி,,ஆண்,
சி,சின்னமாறன்,,ஆண்,
சி,சின்னவன்,,ஆண்,
சி,சின்னவழுதி,,ஆண்,
சி,சின்னவிழியன்,,ஆண்,
சி,சின்னையன்,,ஆண்,
சி,சின்னையா,,ஆண்,
சி,சிறுத்தை,,ஆண்,
சி,சிறுமை,குறுமை,ஆண்,
சி,சிறை,காவலறை,ஆண்,
சி,சிறையஞ்சான்,,ஆண்,
சி,சிற்றம்பலம்,,ஆண்,
சி,சிற்றரசன்,,ஆண்,
சி,சிற்றூரன்,,ஆண்,
சி,சிலம்பன்,,ஆண்,
சி,சிலம்பரசன்,,ஆண்,
சி,சிலம்பு,,ஆண்,
சி,சிலம்புக்கலை,,ஆண்,
சி,சிலம்புக்குமரன்,,ஆண்,
சி,சிலம்புக்கோன்,,ஆண்,
சி,சிலம்புச்சுடர்,,ஆண்,
சி,சிலம்புச்சென்னி,,ஆண்,
சி,சிலம்புச்செம்மல்,,ஆண்,
சி,சிலம்புச்செல்வன்,,ஆண்,
சி,சிலம்புச்செழியன்,,ஆண்,
சி,சிலம்புச்சேரன்,,ஆண்,
சி,சிலம்புச்சோலை,,ஆண்,
சி,சிலம்புத்தகை,,ஆண்,
சி,சிலம்புத்திறல்,,ஆண்,
சி,சிலம்புத்தென்னன்,,ஆண்,
சி,சிலம்புத்தேவன்,,ஆண்,
சி,சிலம்புத்தோன்றல்,,ஆண்,
சி,சிலம்புவல்லோன்,,ஆண்,
சி,சிலம்புவழுதி,,ஆண்,
சி,சிலம்புவாகை,,ஆண்,
சி,சிலம்புவாணன்,,ஆண்,
சி,சிலம்புவாளன்,,ஆண்,
சி,சிலம்புவிறலோன்,,ஆண்,
சி,சிலம்புவிறல்,,ஆண்,
சி,சிலம்புவீரன்,,ஆண்,
சி,சிலம்புவேந்தன்,,ஆண்,
சி,சிவனடியான்,,ஆண்,
சி,சிவன்,,ஆண்,
